train_loss,train_err,test_loss,test_err,grad_norm,squared_grad_norm
1.4729548125076295,0.53894,0.010215267705917358,0.46530000000000005,3.0524087970885465,0.32228692208182935
