train_loss,train_err,test_loss,test_err,grad_norm,squared_grad_norm
1.5041662747955322,0.55504,0.012097947943210601,0.5141,2.952975432569645,0.3072356751082318
