train_loss,train_err,test_loss,test_err,grad_norm,squared_grad_norm
1.5116327470779418,0.5546,0.016133635449409486,0.5925,3.0858422337674423,0.4462996283575315
