train_loss,train_err,test_loss,test_err,grad_norm,squared_grad_norm
1.4832396747970582,0.5469999999999999,0.00995518842935562,0.4393,2.884955910028905,0.23676093102900536
