train_loss,train_err,test_loss,test_err,grad_norm,squared_grad_norm
1.4854423514556885,0.5494399999999999,0.010153183978796006,0.45809999999999995,2.873830872087,0.21602455227541356
