train_loss,train_err,test_loss,test_err,grad_norm,squared_grad_norm
1.4541922826385498,0.5340400000000001,0.009771021747589112,0.42810000000000004,2.8795162101986054,0.24496942489382986
