train_loss,train_err,test_loss,test_err,grad_norm,squared_grad_norm
1.4375029064941407,0.5296799999999999,0.008903695660829544,0.40780000000000005,2.9838958657386447,0.27808408326994083
