train_loss,train_err,test_loss,test_err,grad_norm,squared_grad_norm
1.4937929773712157,0.54548,0.010329730200767518,0.45740000000000003,2.9661494421936,0.2575980677387737
