train_loss,train_error,test_loss,test_error,gradient_norm,squared_gradient_norm
1.5487567010498047,0.5648599999999999,1.3659697692871093,0.47350000000000003,269.01799811695366,1435.8708763952588
