train_loss,train_error,test_loss,test_error,gradient_norm,squared_gradient_norm
1.5445471656799317,0.5627800000000001,1.2572502624511719,0.4545,264.19829139659424,1150.5813229431499
