train_loss,train_error,test_loss,test_error,gradient_norm,squared_gradient_norm
1.8265389337158202,0.63338,1.4132921073913574,0.48529999999999995,341.76379151902233,1545.8510964351444
