train_loss,train_error,test_loss,test_error,gradient_norm,squared_gradient_norm
1.544935595550537,0.56072,1.238391632080078,0.44179999999999997,508.2842488246748,6316.103709013322
