train_loss,train_error,test_loss,test_error,gradient_norm,squared_gradient_norm
1.7942683460998534,0.6168199999999999,1.552632748413086,0.522,284.5308109386726,444.5107280522644
