train_loss,train_error,test_loss,test_error,gradient_norm,squared_gradient_norm
1.558256875,0.5675399999999999,1.232022045135498,0.43979999999999997,303.9967974898378,1545.4276982773981
