train_loss,train_error,test_loss,test_error,gradient_norm,squared_gradient_norm
1.5376149082946777,0.5585800000000001,1.454860866546631,0.4917,411.7358756545734,3302.6986396564066
