train_loss,train_error,test_loss,test_error,gradient_norm,squared_gradient_norm
1.5469009490966796,0.56428,1.2609822731018066,0.45130000000000003,477.1822861046968,4555.524822238603
