train_loss,train_error,test_loss,test_error,gradient_norm,squared_gradient_norm
1.5557826177978515,0.5678000000000001,1.3495799118041991,0.4889,606.7365291995787,16148.590906737045
